CExToolBar.AddCombo,1
CSimulationDoc.AssertValid,4
CMotorObject.CleanUp,1
CGround.Clear,1
CXsl.Close,10
CSerialCtrl.CloseConnect,2
CXml.Create,3
CXml.CreateInstance,13
CXml.CreateNode,1
CServerCreation.DoDataExchange,25
CMainFrame.DockControlBarLeftOf,1
CMotorObject.DrawMesh,2
CSimulationDoc.Dump,4
CRobotController.FileLoad,1
CXmlNode.GetAttribute,56
CXmlNode.GetChild,1
CXmlNode.GetChildren,1
CXmlNodes.GetCount,2
CXmlNodes.GetItem,4
CXmlNode.GetName,1
CXmlNode.GetOuterXml,1
CXml.GetRoot,4
CServer.Init,2
CRobotController.InitButtonPosition,1
CGround.InitIB,1
CSimulationApp.InitInstance,1
CGround.InitTexture,1
CGround.InitVB,1
CXml.IsFileExist,1
CXmlNode.IsNull,7
CXmlNode.NewChild,2
CServer.OnAccept,1
CServer.OnClose,1
CServer.OnConnect,1
CMainFrame.OnCreate,1
CSimulationApp.OnIdle,1
CRobotController.OnInitDialog,1
CRobotController.OnLButtonDown,1
CRobotController.OnLButtonUp,1
CSimulationDoc.OnNewDocument,1
CRobotController.OnPaint,1
CServer.OnReceive,1
CRobotController.OnTimer,1
CXsl.Open,4
CMainFrame.PreCreateWindow,1
CXmlNodes.Release,4
CGround.Render,1
CXml.SaveStreamToFile,3
CXml.SaveWithFormatted,1
CXmlNode.SelectNodes,2
CXmlNode.SelectSingleNode,6
CServer.SendUser,2
CXmlNode.SetAttribute,56
CMotorObject.SetRotationXYZ,4
CMainFrame.SettingCurrentDirectory,1
CMotorObject.Update,1
CXmlNode._GetAttribute,8
CXmlNode._GetValue,8
CXmlNode._SetAttribute,8
CXmlNode._SetValue,16
Camera.setPosition,2
